"MP0001"|"METRO DRUG, INC."|"MA¥ALAC AVE., TAGUIG CITY"|" PHILIPPINES"|""|"ELY SULIT"|"EXT-TRADE"|""
"MP0002"|"PLAZA MARCELA DISTRIBUTOR"|"CENTRAL PAVILION CENTER"|"DE LA PAZ, CORTES"|"Bohol"|""|"INT-TRADE"|""
"MP0003"|"ZUELLIG PHARMA CORPORATION"|"DR. F.E. ZUELLIG AVE.,"|"NEW MANDAUE CITY"|"Bohol"|""|"EXT-TRADE"|""
"MP0004"|"I.P.I"|"JUAN LUNA AVE, MABOLO CEBU"|"CITY  CEL# 09162864021"|""|" MR.  ALEX CASTRO"|"EXT-TRADE"|""
"MP0005"|"PHARMA NUTRIA"|"G.V. STREET, BACOLOD CITY"|""|""|"APHRAIM"|"EXT-TRADE"|""
"MP0006"|"LE JUMONT PHARMACEUTICAL"|"5TH FLOOR WEST TRADE CENTER"|"132WEST AVE.QUEZON CITY"|""|"NESTOR JALASAN"|"EXT-TRADE"|""
"MP0007"|"FARMACIA SOCORRO"|""|""|""|""|"EXT-TRADE"|""
"MP0008"|"LORENZO REYES LABORATORY"|"65 NEW MAYON ST.S.M.H."|"QUEZON CITY"|""|"MR. CRISOSOTOMO"|"EXT-TRADE"|""
"MP0009"|"BEROVAN MARKETING"|"16 EMILIO OSMENA ST.CEBU CITY"|"FAX# 032-254-3093"|""|"MARGIE SARCON/MR. TONIO"|"EXT-TRADE"|""
"MP0010"|"UNIVET AGRICULTURAL PRODS."|"86 MAYFLOWER ST. MANDALUYONG"|"CITY, MANILA"|""|""|"EXT-TRADE"|""
"MP0011"|"PHILUSA CORPORATION"|"A.S. FORTUNA ST. MANDAUE CITY"|""|""|"BOYAN DANO"|"EXT-TRADE"|""
"MP0012"|"HUNTER"|"LOT 14-45 CADENA DE AMOR ST."|"GREENLAND CAINTA RIZAL"|""|""|"EXT-TRADE"|""
"MP0013"|"EDGAR  JABINES"|""|""|""|""|"EXT-TRADE"|""
"MP0014"|"C.A. OPLADO TRADING/ F.TAN"|"26 J. CLIMACO ST., CEBU CITY"|""|""|"GINA OPLADO"|"EXT-TRADE"|""
"MP0015"|"GULDEN ANNE  TRADERS & DIST."|"DUMAGUETE CITY"|""|""|"MS. AIDA REBUJO"|"CONSIGNOR"|""
"MP0016"|"MARKET LINK"|""|""|""|""|"EXT-TRADE"|""
"MP0017"|"ALTOMED PHARMACEUTICAL(cons"|""|""|""|""|"CONSIGNOR"|""
"MP0018"|"PATRIOT PHARMACEUTICALS CORP."|"PATRIOT BLDG.KM.18 WEST"|"ROAD, SOUTH EXPRESSWAY"|""|"MR. NOEL"|"EXT-TRADE"|""
"MP0019"|"PHARMA DYNAMIC"|"PDI BLG.71MAYSILO ST."|"MANDALUYONG CITY"|""|"GILBERT BANTOTO"|"EXT-TRADE"|""
"MP0020"|"ALDRIL/ TN PROMED / ALTOMED"|"ROOM 202 BOROMEO BLDG F. RAMOS"|"ST. CEBU CITY"|""|"MS. PRECHIE"|"EXT-TRADE"|""
"MP0021"|"R-MERCK / ETHICA PHARMA"|"2318 CAIMITO ST, BANAWA CEBU"|"CITY"|""|"MS. GRACE ESGUERRA"|"EXT-TRADE"|""
"MP0022"|"BASIC PHARMA - CONS."|""|""|""|""|"CONSIGNOR"|""
"MP0023"|"KINDER PHARM"|"1184 QUEZON AVE.QUEZON CITY"|""|""|""|"CONSIGNOR"|""
"MP0024"|"PHARMA KING DISTRIBUTOR"|"SITIO STA.CRUZ, LABOGON"|"MANDAUE CITY"|""|""|"CONSIGNOR"|""
"MP0025"|"PHARMA MEDICA"|""|""|""|""|"CONSIGNOR"|""
"MP0026"|"MULTIMED/ DISPO PHILIPPINES"|"AMBER AVE.ORTEGAS CENTER,"|"PASIG CITY"|""|"MARI CRIS"|"EXT-TRADE"|""
"MP0027"|"MEDIC-AID DIST."|""|""|""|""|"CONSIGNOR"|""
"MP0028"|"NEO-PHARMA"|"A.C. CORTES AVE.MANDAUE CITY"|""|""|""|"CONSIGNOR"|""
"MP0029"|"SIMON / WAGON MKTG."|"78-80 PLARIDEL ST.CEBU CITY"|""|""|""|"EXT-TRADE"|""
"MP0030"|"CROMA MEDIC"|"105 OSMENA BLVD.COR ADELFA ST."|"CEBU CITY"|""|"MS. DAPHNI CABANCA"|"EXT-TRADE"|""
"MP0031"|"EURO-MED LABORATORY"|"WAREHOUSE #1 CTK LUCKY WH"|"TABOK, MANDAUE CITY"|""|"RAMIL BONGCAS"|"EXT-TRADE"|""
"MP0032"|"RDL PHARMACEUTICAL LAB. INC."|"RDL BLDG. CATITIPAN DIVERSION"|"ROAD,  BUHANGIN, DAVAO CITY"|""|"FERDINAND D LA SERNA/ JESS CO"|"EXT-TRADE"|""
"MP0033"|"DIVINE VENTURES LTD."|"ASUNCION BLDG.52 GORORDO AVE."|"CEBU CITY"|""|""|"CONSIGNOR"|""
"MP0034"|"CEBU RTK MARKETING"|"ROOM 403-A MA.CRISTINA BLDG."|"OSMENA BLVD CEBU CITY"|""|"ZORINA A. CUYOS"|"EXT-TRADE"|""
"MP0035"|"MERGERS DRUGFIL TRADING"|"346-C GONZALES COMPOUND N."|" ESCARIO ST. CEBU CITY"|""|"MS. CRISTINE"|"EXT-TRADE"|""
"MP0036"|"DION BUNANI"|""|""|""|""|"EXT-TRADE"|""
"MP0037"|"MEDICAL & PHARMACEUTICAL"|""|""|""|""|"CONSIGNOR"|""
"MP0038"|"DKT INTERNATIONAL"|"REGNER M.CENTRUM V.RAMA AVE."|"CEBU,CITY"|""|""|"EXT-TRADE"|""
"MP0039"|"RAYMED PHARMACEUTICAL"|"51BRCSR BLDG.COR.LEGASPI AND"|"MANALILI ST. CEBU CITY"|""|""|"CONSIGNOR"|""
"MP0040"|"MEDIC-ASIA"|"317 CORTE AVE. MANDAUE CITY"|""|""|""|"CONSIGNOR"|""
"MP0041"|"GETZ . PHIL. (CONS)"|""|""|""|""|"CONSIGNOR"|""
"MP0042"|"DRA. MELLIE RACHO"|"TAGBILARA CITY"|""|""|""|"EXT-TRADE"|""
"MP0043"|"ICON PHARMA CORPORATION"|"1211 MEDICAL PLAZA BLDG.SAN"|"MIGUEL AVE ORTIGAS PASIG"|""|"RAINER ACHACOSO"|"EXT-TRADE"|""
"MP0044"|"DIETHELM"|"43 STA ANA DRIVE SUN VALLEY"|"1700 PARANAQUE CITY PHILS."|""|""|"EXT-TRADE"|""
"MP0045"|"NATRAPHARM"|"18 WEST SERVICE ROAD SOUTH LUZ"|"ON EXPRESSWAY PARANAQUE MM"|""|"JAY APAO/JUN 09228217005"|"EXT-TRADE"|""
"MP0046"|"FE MIRASOL"|""|""|""|""|"EXT-TRADE"|""
"MP0047"|"VGV-MEDISPEC INC."|"SITIO STA CRUZ LABOGON MANDAUE"|"CITY"|""|""|"CONSIGNOR"|""
"MP0048"|"D2D PHARMACON TRADING"|"LOT#9686-AV&G HOUSING ROAD"|"CONSOLACION, CEBU CITY"|""|"JOEY MALAPITAN/JOCELYN"|"EXT-TRADE"|""
"MP0049"|"PHARMA VILLE TRDG.INC/DMG"|"932 MOJICA BLDG.AURORA BLVD."|"CUBAO,QUEZON CITY"|""|"RENCHI CABANGON"|"EXT-TRADE"|""
"MP0050"|"JVC MARKETING / JVR INDUSTRIES"|"CEBU CITY"|""|""|"MR. RUBEN A¥ORA"|"EXT-TRADE"|""
"MP0051"|"PAT"|"PATRIOT BLDG KM18 WEST SERVICE"|"ROAD SLEX PARANAQUE CITY"|""|"JAY APAO"|"EXT-TRADE"|""
"MP0052"|"ALL-BIO TRADING"|"B10 L8 HEIGHTS TACLOBAN CITY"|""|""|""|"CONSIGNOR"|""
"MP0053"|"DYNASTY PHARMACEUTICALS"|"2432 LEGARDA ST.SAMPALOC MANIL"|""|""|"BERNADETTE 09234040809"|"CONSIGNOR"|""
"MP0054"|"COTTON SEED / CRISTITA GO HO"|""|""|""|""|"EXT-TRADE"|""
"MP0055"|"RANDIL INTERNATIONAL CO. INC."|"4TH FLOOR CEDAR EXECUTIVE BLDG"|"26 TIMOG AVE COR.SCOUT TOBIAS"|""|""|"CONSIGNOR"|""
"MP0056"|"ANTHEM PHARMA/ PHARMALINK"|"SARMIENTO BLDG INGLES ST. TAG."|""|""|""|"CONSIGNOR"|""
"MP0057"|"RUSS-MED"|""|""|""|""|"CONSIGNOR"|""
"MP0058"|"JAC MEDICAL DISTRIBUTOR"|"408 SINGSON COMPOUND  ROAD"|"GUADALUPE CEBU CITY"|""|""|"CONSIGNOR"|""
"MP0059"|"ROSEMIJEN MERCANDISE"|"RIZAL AVE. OZAMIS CITY"|""|""|""|"CONSIGNOR"|""
"MP0060"|"LUCKY HEALTH"|""|""|""|""|"CONSIGNOR"|""
"MP0061"|"K-LINK PHILS / PORFERIA BUGAS"|""|""|""|""|"EXT-TRADE"|""
"MP0062"|"UDT DIVERSIFIED TRADING"|"487-D GENERAL LUNA ST.DAVAO"|"CITY"|""|""|"EXT-TRADE"|""
"MP0063"|"ONE PHARMA"|""|""|""|"CLAUDIA DEMETERIO"|"EXT-TRADE"|""
"MP0064"|"A. JOHNSON PHARMA INT'L CORP."|"302 MERALCO BLDG.OSMENA BLVD."|"CEBU CITY"|""|""|"CONSIGNOR"|""
"MP0065"|"GENACE TRADING"|"101 DON VICENTE ST."|""|""|""|"CONSIGNOR"|""
"MP0066"|"CROMA MEDIC INC.CONSIGNMENT"|"301 ALEGRIA BLDG 2229 ROCES"|"AVE, MAKATI CITY"|""|""|"CONSIGNOR"|""
"MP0067"|"ALTURAS GROCERY"|"TAGBILARAN CITY"|""|""|""|"INT-TRADE"|""
"MP0068"|"ALTURAS PHARMACY"|"TAGBILARAN CITY"|""|""|""|"INT-TRADE"|""
"MP0069"|"AYBC TRADING"|"69R.PADILLA COR.N.BACALSO CEBU"|"CITY"|""|""|"CONSIGNOR"|""
"MP0070"|"LANTAKA DISTRIBUTORS CORP."|"301 JESUS AVILA BLDG."|"GEN.MAXILOM AVE.CEBU CITY"|""|""|"CONSIGNOR"|""
"MP0071"|"PLAZA MARCELA PHARMACY"|"COGON DIST.TAGBILARAN CITY"|""|""|""|"INT-TRADE"|""
"MP0072"|"MEDICAL CENTER"|"PIONEER ST. COR SHAW BLVD"|"PASIG CITY"|""|"FRANK ARBILON"|"EXT-TRADE"|""
"MP0073"|"SENSOMED"|"UNIT 508 15TH FLR.ORIENT SQ."|"BLDG.EMERALD AVE ORTIGAS CNTR"|""|"CHARITY/ 09272692489"|"EXT-TRADE"|""
"MP0074"|"LIFE PROLONG-CONS"|"SUPPLEMENT INCORPORATED"|""|""|""|"CONSIGNOR"|""
"MP0075"|"MEDI-RX PHARMACEUTICAL INC."|"MINDANAO AVE.PAG-ASA,QUEZON"|"CITY"|""|""|"CONSIGNOR"|""
"MP0076"|"ASC CENTRAL DC"|"DELA PAZ, CORTES"|"BOHOL"|"Bohol"|""|"INT-TRADE"|""
"MP0077"|"UDT DIVERSIFIED TRADING CONSIG"|"487 D GENERAL LUNA STREET"|"DAVAO CITY"|""|""|"CONSIGNOR"|""
"MP0078"|"JAKA DISTRIBUTION INC."|"ROYAL MATCH CMPD.A.S. FORTUNA"|"ST. BAKILID MANDAUE CITY CEBU"|""|""|"CONSIGNOR"|""
"MP0079"|"EURO ASIA PHARMACEUTICAL"|"3/F ECI BLDG.BRGY.TALIPAPA"|"NOVALICHES QUEZON CITY"|""|""|"CONSIGNOR"|""
"MP0080"|"Medicine+  Pharmacy (DC PHARMA)"|""|""|""|""|"INT-TRADE"|""
"MP0081"|"BELMAN LABORATORIES INC."|"BELMAN BLDG.11 78"|"QUEZON AVE.QUEZON CITY"|""|"NICK CAJETAS/09104454931"|"EXT-TRADE"|""
"MP0082"|"ICM SUPERMARKET"|"ISLAND CITY MALL DAMPAS DIST."|"TAGBILARAN CITY"|""|""|"INT-TRADE"|""
"MP0083"|"DOKTOR PINOY PHARMA HLTH INC."|"ROOM 122,GROUND FLOOR VIRGEN"|"SANG BRGY.BLDG,7TH LACSON ST."|""|"JOSEPH B. NAZARENO"|"CONSIGNOR"|""
"MP0084"|"COLLINS INTERNATIONAL TRADING"|"412 AMANG RODRIGUEZ AVE."|"fax #032- 344-8404"|""|"MICHAEL ALDOVER"|"EXT-TRADE"|""
"MP0085"|"RCA HERBAL FOOD PRODUCTS"|"PARK 7 BRGY.18 OBRERO,BUTUAN CTY"|""|""|"EPIFANIO A, ANUNCIADO"|"CONSIGNOR"|""
"MP0086"|"SHANNE HERBAL PRODUCTS"|"J.A CLARIN ST. TAGBILARAN CITY"|""|""|"MR.JOVEN SINGCOL"|"EXT-TRADE"|""
"MP0087"|"BOIE  INCORPORATED"|"520 ALABANG ZAPOTE RD. ALMANZA"|"LAS PI¥AS CITY, METRO MANILA"|""|"JESSIE P. UY"|"EXT-TRADE"|""
"MP0088"|"MAJESTY PHARMACY"|"MAGALLANES ST.,"|"CEBU CITY"|""|"GINA/ MAAM INDAY"|"EXT-TRADE"|""
"MP0089"|"C S TRADING"|""|""|""|""|"EXT-TRADE"|""
"MP0090"|"ICM HOME & FASHION"|""|""|""|""|"INT-TRADE"|""
"MP0091"|"JEFFS PHARMADENT TRADING"|"PALMHILLS SUB.BASAK MANDAUE"|""|""|""|"CONSIGNOR"|""
"MP0092"|"EMRU PHARMACEUTICAL-CONS"|"HINLAYAGA ILAYA,"|"TRINIDAD BOHOL"|""|""|"CONSIGNOR"|""
"MP0093"|"PEDIACARE PHARMA PHILS.INC."|"ST.FRANCIS ST.SHAW BLVD."|"MANDALUYONG CITY"|""|""|"CONSIGNOR"|""
"MP0094"|"MEDIRICH PHARMA DIST.CORP."|"RM.208 J.BORROMEO BLDG.F.RAMOS"|"COR. ARLINGTON POND ST.,CEBU CITY"|""|"GERALD 0942-555-1677"|"CONSIGNOR"|""
"MP0095"|"WINFORD VENTURES INT."|"MAGSAYSAY BLVD. V.MAPA"|"SANTA MESA MANILA"|""|"ALETA NGO"|"EXT-TRADE"|""
"MP0096"|"VITALINK HEALTH PRODUCTS,INC."|"103 SCT.DE GUIA,BRGY.SACRED HEART,"|"QUEZON CITY"|""|"ROBERT OPPUS"|"CONSIGNOR"|""
"MP0097"|"CHARLES E. ANGDERSONS"|"CHRYLSLENE BOUTIQUE"|"#8-18TH ST. NEW MANILA"|""|""|"CONSIGNOR"|""
"MP0098"|"RRINAN MARKETING"|"LAPAZ CORTES BOHOL"|""|""|"ROSE REBAYLA"|"CONSIGNOR"|""
"MP0099"|"AAA PHARMA, INC"|"105 MARYLAND ST.CUBAO QUEZON"|"CITY, PHILS."|""|""|"EXT-TRADE"|""
"MP0100"|"ALLP DRUGSTORE"|"544 COMERCIO ST. BINONDO Mla."|"FAX #02-241-9217"|""|"RAQUEL LOPEZ"|"EXT-TRADE"|""
"MP0101"|"DMI MEDICAL SUPPLY CO. INC."|"2/F DOOR#3 V-SAN BLDG."|"CABAGUIO AVE. DAVAO CITY"|""|""|"EXT-TRADE"|""
"MP0102"|"PROSEL PHARMA"|"18 DON PEDRO RODRIGUES ST."|"CAPITOL SITE, CEBU CITY"|""|"MR. JUN LUNA"|"EXT-TRADE"|""
"MP0103"|"ALL BIO PHARMA"|""|""|""|""|"CONSIGNOR"|""
"MP0104"|"ICM-MED. PLUS PHARMACY"|"Dampas Dist.,Tagb. City"|""|""|""|"INT-TRADE"|""
"MP0105"|"KRISTIN  PHARMACY"|""|""|""|""|"INT-TRADE"|""
"MP0106"|"TALIBON PHARMACY"|""|""|""|""|"INT-TRADE"|""
"MP0107"|"GERGREG PHARMA"|""|""|""|""|"CONSIGNOR"|""
"MP0108"|"PLAZA MARCELA GROCERY"|""|""|""|""|"INT-TRADE"|""
"MP0109"|"ASC DEPARTMENT STORE"|"B. INTING ST. TAGBILARAN CITY"|""|""|""|"INT-TRADE"|""
"MP0110"|"ASC FASTFOOD"|"B. INTING ST. TAGBILARAN CITY"|""|""|""|"INT-TRADE"|""
"MP0111"|"UNIHERB"|"26TH FLOOR EMERALD BLDG."|"ORTIGAS CENTER, PASIG CITY"|""|""|"EXT-TRADE"|""
"MP0112"|"MEDICINE + PHARMACY PARRAS"|""|""|""|""|"INT-TRADE"|""
"MP0113"|"DC HOME & FASHION"|""|""|""|""|"INT-TRADE"|""
"MP0114"|"GES TRADING"|""|""|""|""|"CONSIGNOR"|""
"MP0115"|"BVG PHARMA MED DISTRIBUTION"|""|""|""|""|"CONSIGNOR"|""
"MP0116"|"RBC- CONS"|""|""|""|""|"CONSIGNOR"|""
"MP0117"|"DAVIDE PHARMA & MED. SUPPLIES"|""|"telefax# 032-564-2668"|""|"09194808793"|"CONSIGNOR"|""
"MP0118"|"DC GROCERY - FLOWRACK"|""|""|""|""|"INT-TRADE"|""
"MP0119"|"MEDHAUS .- CONS"|"139 K 1ST STREET, KAMUNING"|"QUEZON CITY"|""|"09434444117"|"CONSIGNOR"|""
"MP0120"|"GB DISTRIBUTOR INC"|"BLDG 5A, SUNBLEST CUPANG"|"MUNTINLUPA"|""|""|"EXT-TRADE"|""
"MP0121"|"PHARMACY WHOLESALE"|""|""|""|""|"INT-TRADE"|""
"MP0122"|"LACTO ORGANICA INTERNATIONAL"|"13 MARIANO VELOSO ST."|"GUADALUPE CEBU,CITY"|""|""|"EXT-TRADE"|""
"MP0123"|"PSALMSTRE ENT. INCORPORATED"|"SAMBAG 2 CEBU CITY"|""|""|"ROMELITO A.DUMALAURON"|"EXT-TRADE"|""
"MP0124"|"FC TRADING & PROPERTY VENTURE"|"FUENTES ROAD , LAPULAPU CITY"|"CANGAWA, BUENAVISTA BOHOL"|""|""|"CONSIGNOR"|""
"MP0125"|"BEAUTY HUSH ENTERPRISE"|"UNIT 5, 2F. 1ST ST. GUADALUPE HEIGHTS CC"|""|""|"JANISE LIM"|"CONSIGNOR"|""
"MP0126"|"DAVIE ENTERPRISES"|"BACACA, DAVAO CITY"|""|""|"MELITA GO INTING"|"CONSIGNOR"|""
"MP0127"|"DAVILLE PHARMACEUTICAL  CO."|"LAND HEIGHTS 6. MANDURRIAO,"|"ILI ILO CITY"|""|""|"CONSIGNOR"|""
"MP0128"|"IMF BEAUTY & WELLNESS PRODUCTS"|"2ND FLR. ICS BLDG, 117"|"STA. CRUZ MANILA"|""|"MS. LIN Y. TAN/FE"|"EXT-TRADE"|""
"MP0129"|"icm-supermarket(non-trade)"|""|""|""|""|"INT-NOTRAD"|""
"MP0130"|"EUREKA/ PRIMA BELLE SALES"|"2 OPAL ST. DO¥A JUANA SUBD."|"ROSARIO PASIG CITY 1609"|""|"MARIA ISABEL C. JUINIO"|"EXT-TRADE"|""
"MP0131"|"ASEAN HEALTH CARE DISTRIBUTOR"|"NO.158 COR 6th & 9th ST."|"CASA ALICIA CANDAU-AY DUM."|""|"MR. ARNEL A.  AT-AT"|"CONSIGNOR"|""
"MP0132"|"PSALMSTRE ENT. INC./CONCESSION"|"OSME¥A BLVD.STO.NI¥0 CEBU CITY"|""|""|"MR. ROMEL DOMALAURON"|"CONSIGNOR"|""
"MP0133"|"alturas pharmacy(non-trade)"|""|""|""|""|"INT-NOTRAD"|""
"MP0134"|"dc-home & fashion (non-trade)"|""|""|""|""|"INT-NOTRAD"|""
"MP0135"|"SLIM MULTINATIONAL ENTERPRISES"|"LA PALOMA SUBD. CEBU CITY"|""|""|"STEPHEN Y. LIM/09225359382"|"EXT-TRADE"|""
"MP0136"|"dampas warehouse(non-trade)"|""|""|""|""|"INT-NOTRAD"|""
"MP0137"|"icm-home & fashion(non-trade)"|""|""|""|""|"INT-NOTRAD"|""
"MP0138"|"corp. custodian"|""|""|""|""|"INT-NOTRAD"|""
"MP0139"|"construction deparment"|""|""|""|""|"INT-NOTRAD"|""
"MP0140"|"RCA HERBAL FOOD -DUMAR"|"PARK 7 BRGY.18 OBRERO,BUTUAN CTY"|""|""|"EPIFANIO A. ANUNCIADO"|"CONSIGNOR"|""
"MP0141"|"PHARMA LINK SALES -DUMAR"|"SARMIENTO BLDG INGLES ST. TAG."|""|""|""|"CONSIGNOR"|""
"MP0142"|"KING JAMES - DUMAR"|"DUMAGUETE CITY"|""|""|"MS. AIDA REBUJO"|"CONSIGNOR"|""
"MP0143"|"GETZ L.- DUMAR"|""|""|""|""|"CONSIGNOR"|""
"MP0144"|"MEDHAUS -DUMAR"|"139 K 1ST STREET, KAMUNING"|"QUEZON CITY"|""|""|"CONSIGNOR"|""
"MP0145"|"LIFE PROLONG - DUMAR"|"SUPPLEMENT INCORPORATED"|""|""|""|"CONSIGNOR"|""
"MP0146"|"RBC-MDC CORP-DUMAR"|""|""|""|""|"CONSIGNOR"|""
"MP0147"|"DAVILLE PHARMA- DUMAR"|"LAND HEIGHTS 6. MANDURRIAO,"|"ILI ILO CITY"|""|""|"CONSIGNOR"|""
"MP0148"|"DAVIE ENT. - DUMAR"|"BACACA, DAVAO CITY"|""|""|"MELITA GO INTING"|"CONSIGNOR"|""
"MP0149"|"SLIM MULTINATIONAL ENT - DUMAR"|"LA PALOMA SUBD. CEBU CITY"|""|""|"STEPHEN Y. LIM"|"CONSIGNOR"|""
"MP0150"|"DYNASTY PHARMA- DUMAR"|"2432 LEGARDA ST.SAMPALOC MANIL"|""|""|"BERNADETTE 09234040809"|"CONSIGNOR"|""
"MP0151"|"RRINAN MARKETING - DUMAR"|"LAPAZ CORTES BOHOL"|""|""|"ROSE REBAYLA"|"CONSIGNOR"|""
"MP0152"|"BS-Commissary"|""|""|""|""|"INT-NOTRAD"|""
"MP0153"|"delivery & trucking dept.(non-trade)"|""|""|""|""|"INT-NOTRAD"|""
"MP0154"|"AG GLO"|""|"LABANGON CEBU CITY"|""|"ROXANNIE ROCA"|"CONSIGNOR"|""
"MP0155"|"THE MULTIVITAMIN CORP."|"#338 ORTIGAS AVE."|"GREENHILLS SAN JUAN MM. 1502"|""|"JESUSA CHUA PALACA"|"CONSIGNOR"|""
"MP0156"|"VAMSLER PHILS. INC."|"118-C DOOR 3A CABAHUG APARTMENT"|"KATIPUNAN CEBU CITY"|""|"VIRGINIA P. DE GUZMAN"|"CONSIGNOR"|""
"MP0157"|"SEL-J PHARMACEUTICAL & DIST."|"L-8 B2, VILLANUEVA CO."|"LAS PI¥AS CITY"|""|"LOIELEN L. LIM"|"CONSIGNOR"|""
"MP0158"|"ALTOMED PHARMA- DUMAR"|""|""|""|""|"CONSIGNOR"|""
"MP0159"|"DIGITRON/ CYA INDUSTRIES INC."|"103 MERCEDEZ AVE. PASIG CITY"|""|""|"MR FRANKLIN CHAN"|"EXT-TRADE"|""
"MP0160"|"LUCKY HEALTH - DUMAR"|""|""|""|""|"CONSIGNOR"|""
"MP0161"|"RCBA MANUFACTURING CORP."|"COLONADE MALL, ORIENTE"|"CEBU CITY."|""|"MR ROMEO B. ANG"|"EXT-TRADE"|""
"MP0162"|"RBC MARKETING & DIST. CORP"|"DON JESUS BLVD."|"ALABANG HILLS. MUNTINLUPA"|""|"ROBERTO G. SEVILLA"|"EXT-TRADE"|""
"MP0163"|"NATTURAL QUALITY CORPORATION"|"2/F 88 PLACE BLDG.59 PETTY CO"|"BELMONTE ST. NEW MANILA"|""|"MR. EVENSON SIAN/GINNY MOCAOAY"|"EXT-TRADE"|""
"MP0164"|"COLONNADE SUPERMARKET"|"CEBU CITY"|""|""|""|"INT-TRADE"|""
"MP0165"|"APOLLO PLUS DISTRIBUTION INC."|"#51 CONGRESSIONAL PLAZA AVE."|"PROJECT 8, QUEZON CITY"|""|"MS. JANE PADUA"|"EXT-TRADE"|""
"MP0166"|"AUTO FOCUS SERVICE CENTER CORP"|"HI-WAY DUTERTE, BANAWA"|"CEBU CITY"|""|"SAMUEL UY / LIZA"|"EXT-TRADE"|""
"MP0167"|"icm-freshmarket(non-trade)"|""|""|""|""|"INT-NOTRAD"|""
"MP0168"|"COLONNADE MED+PHARMACY"|"COLON STREET, CEBU CITY"|""|"Bohol"|"MS. JESSECA   OCHAVILLO"|"INT-TRADE"|""
"MP0169"|"dc-pharmacy(non-trade)"|""|""|""|""|"INT-NOTRAD"|""
"MP0170"|"fixrite wholesale(non-trade)"|""|""|""|""|"INT-NOTRAD"|""
"MP0171"|"1 MED PHARMA-CONS"|"389 P.BURGOS ST. ALANG-ALANG"|"MANDAUE CITY"|""|"MR.WENDELL SUECO"|"CONSIGNOR"|""
"MP0172"|"AG GLOBAL PHARMA (DUMAR)"|""|""|""|""|"CONSIGNOR"|""
"MP0173"|"dc-grocery(non-trade)"|""|""|""|""|"INT-NOTRAD"|""
"MP0174"|"BCP DERMATOLOGICAL CORP."|"DELA PAZ BLDG.1570 DFAPITAN ST"|"SAMPALOC MANILA"|""|"MS LAINE BORJA"|"EXT-TRADE"|""
"MP0175"|"EMRU MARKETING"|"HINLAYAGAN,TRINIDAD BOHOL"|""|""|""|"EXT-TRADE"|""
"MP0176"|"GETZ BROS. PHILS. INC"|"5/F ORTIGAS BLDG., ORTIGAS"|"AVENUE, PASIG CITY"|""|"MR. CLAYDE BACALLA"|"EXT-TRADE"|""
"MP0177"|"BERACAH PHARMA PHILS. INC"|"#7 2ND FLOOR JTL BLDG."|"NORTH AVE. BACOLOD CITY"|""|"MA. CARMELA A. SANCHEZ"|"CONSIGNOR"|""
"MP0178"|"PREMAN MARKETING & DIST."|"ALGICO COMPLEX, DIAMOND ST.,"|"LAHUG, CEBU CITY"|""|"MR. KENNETH  BAROTE"|"EXT-TRADE"|""
"MP0179"|"BERACAH PHARMA PHILS. INC -DUMAR"|"#7 2ND FLOOR JTL BLDG."|"NORTH AVE. BACOLOD CITY"|""|"MA. CARMELA A. SANCHEZ"|"CONSIGNOR"|""
"MP0180"|"LIFE PROLONG NAT' SUPP.INC"|"ALAGC COMPOUND, NASIPIT"|"TALAMBAN CEBU CITY"|""|"MR. ANTONIO L. ALDEGUER"|"EXT-TRADE"|""
"MP0181"|"1 MED PHARMA"|"389 P BURGOS ST. ALANG ALANG"|"MANDAUE CITY CEBU"|""|"MR. WENDELL C. SUICO"|"EXT-TRADE"|""
"MP0182"|"ALLIANCE PACIFIC RESOURCE CORP"|"AC CORTES, MANDAUE CITY"|""|""|"MS. BEA YU/MIRAJEN TORREGOSA"|"EXT-TRADE"|""
"MP0183"|"GESMED PHARMA DISTRIBUTOR"|"647 REAL ST. SAGKAHAN DIST."|"TACLOBAN CITY"|""|"MR.GERARDO CALCETA/KIM BARRIOS"|"EXT-TRADE"|""
"MP0194"|"DALLE ESSENTIAL DRUG, INC."|"BRGY. SUBANGDAKO WIRELESS"|"MANDAUE CITY"|""|"DANILO LLENES/ MARICON"|"EXT-TRADE"|""
"MP0197"|"EASY PHA-MAX PHILS. INC."|"VALERO ST. SALCEDO VILLAGE"|"MAKATI CITY"|""|"MR. JOHN DAVILAN/PETER CHUA"|"CONSIGNOR"|""
"MP0198"|"SAVE 'n EARN"|"J.S. TORRALBA ST."|"TAGBILARAN CITY"|"Bohol"|""|"EXT-TRADE"|""
"MP0311"|"PHARMA 3 COMPANY  INC."|"3/F AIR21 BLDG. KM14 WEST"|"SERVICE RD. BICUTAN PARA¥AQUE"|""|"DANILO R. OLANOSA"|"EXT-TRADE"|""
"MP0312"|"FAST DISTRIBUTION CORP."|""|""|""|""|"EXT-TRADE"|""
"MP0313"|"DYNA DRUG CORPORATION"|"UNIT 2 BORROMEO ARCADE"|"F. RAMOS ST, CEBU CITY"|""|"MR. REVICO ACOBAR"|"EXT-TRADE"|""
"MP0436"|"CHECKTRADE PHARMA, INC."|"RM 6 2ND FLOOR 11 BLDG."|"123 F. RAMOS CEBU CITY"|""|"MR. VICENTE VILLAMALA"|"EXT-TRADE"|""
"MP0437"|"CORBRIDGE GROUP PHILS., INC."|"5TH FLR JATES BLDG. WEST AVE."|"QUEZON CITY"|""|"MR. DIOGEL CABUROG"|"EXT-TRADE"|""
"MP0494"|"dc-hardware(non-trade)"|""|""|""|""|"INT-NOTRAD"|""
"MP0614"|"NEW HLINK MEDICAL CORPORATION"|"201 GEN ECHAVES ST."|"CEBU CITY"|""|"SOCORRO CASQUEJO"|"EXT-TRADE"|""
"MP0615"|"FRANZKATE MARKETING"|"WILROSE BLDG. BURGOS LOCSIN ST"|"BACOLOD CITY"|""|"CATHERINE CABUGA/ESSELE SATERA"|"EXT-TRADE"|""
"MP0616"|"NUTRIPHARM, INC."|"014 1ST ST. HAPPY VALLEY"|"GAUDALUPE, CEBU CITY"|""|"MR. BONIFACIO GOMEZ/LORAGEN"|"EXT-TRADE"|""
"MP0617"|"PAMBATO CARGO (non-trade)"|"M.H del Pilar St., Tagbilaran City"|""|""|"MR. FEBEH MARIKIT"|"EXT-NONTRA"|""
"MP0632"|"MAX HEALTH & LIVING INT'L INC."|""|""|""|""|"CONSIGNOR"|""
"MP0837"|"OXFORD DISTRIBUTION INC."|"SUITE 1408 EAST TOWER ORTIGAS"|"CENTER PASIG CITY"|""|""|"EXT-TRADE"|""
"MP0881"|"DRANIX DISTRIBUTORS, INC."|"P.CASTILLO ST. DAO DISTRICT"|"TAGBILARAN CITY, BOHOL"|""|"MITCH S. LADESMA (09171380619)"|"EXT-TRADE"|""
"MP1200"|"CLARISSA RULONA/MARLITO UY"|""|""|""|""|"EXT-TRADE"|""
"MP1215"|"AG GLOBAL PHARMA"|"POB. VALENCIA CITY, BUKIDNON"|""|""|"MS. CHARMAINE PAGONZAGA"|"EXT-TRADE"|""
"MP1216"|"BASIC PHARMACEUTICAL CORP."|"38 BARASOIN ST. LITTLE BAGUIO"|"SAN JUAN, METRO MANILA"|""|"MR. JOEL BUNCAG/JOVY 090694261"|"EXT-TRADE"|""
"MP1265"|"G HEALTHCARE MARKETING"|"KM.3 NATIONAL HIGHWAY"|"KAUSWAGAN, CDO"|""|"RIX GONZAGA/ROMEO TULABING"|"EXT-TRADE"|""
"MP1321"|"HEALTHY BLESSINGS WELLNESS"|"N. BACALSO ST., SOUTH EXP."|"CEBU CITY"|""|"ASTRID SANTIAGO/FALCONERE"|"EXT-TRADE"|""
"MP1333"|"MEDHAUS PHARMA, INC."|"139 1ST ST. KAMUNING"|"QUEZON CITY"|""|"MR. KRISPIN CERI¥0"|"EXT-TRADE"|""
"MP1334"|"ASEAN HEALTH CARE DISTRIBUTOR-DUMAR"|"NO.158 COR 6TH & 9TH ST."|"CASA ALICIA CANDAU-AY DUM."|""|"MR. ARNEL A. AT-AT"|"CONSIGNOR"|""
"MP1335"|"DOC SAMARITAN.CNTR-CON"|"0122 BELDEROL ST.,COGON DIST."|"TAGBILARAN CITY"|""|"REMELITO YTANG UY"|"CONSIGNOR"|""
"MP1336"|"DOC SAMARITAN-DUMAR"|"C.P.G.AVE.,COGON DIST.,TAGB.,CITY"|"TAGBILARAN CITY"|""|"REMELITO YTANG UY"|"CONSIGNOR"|""
"MP1349"|"MARIA PAZ  UY/MARLITO UY"|""|""|""|""|"EXT-TRADE"|""
"MP1350"|"NOVOMED INC."|"3RD FLR DAYZON BLDG.246 WIRELESS,MANDAUE CITY"|""|""|"ANGELO FAJARDO"|"CONSIGNOR"|""
"MP1351"|"NOVOMED INC.-DUMAR"|"3RD FLR DAYZON BLDG.246 WIRELESS MANDAUE CITY"|""|""|"ANGELO FAJARDO"|"CONSIGNOR"|""
"MP1363"|"FIRST BAY PHARMA DISTRIBUTOR"|"8 OSME¥A VILLAGE M.L. QUEZON ST. CASUNTINGAN"|"MANDAUE CITY"|""|"RICHELYN JEAN B.YAP"|"CONSIGNOR"|""
"MP1630"|"FIRST BAY PHARMA DISTRIBUTOR-DUMAR"|"8 OSMENA VILLAGE ML QUEZON ST.MAGUIKAY"|""|""|"RICHELYN JEAN B.YAP"|"CONSIGNOR"|""
"MP1842"|"DELFI MARKETING INC."|""|""|""|""|""|""
"MP1843"|"PRIME MEDICA SUPPLY INC."|"#245 BANAWE ST.COR.SGT.R"|"BRGY. MANRESA, QUEZON CITY"|""|"ANDREW MARK L. TEVES"|"EXT-TRADE"|""
"MP2203"|"MACRO FURNITURE, INC."|"Brgy. Road Upper Tingub Mandaue City"|"Mandaue City"|""|""|"EXT-NONTRA"|""
"MP2204"|"ASC TECH"|"Island City Mall, Dampas District"|"Tagbilaran City, Bohol"|"Bohol"|"Reina Villadores"|"INT-NOTRAD"|""
"MP2259"|"A.JOHNSON PHARMA INT'L CORP-DUMAR"|"302 MERALCO BLDG.OSMENA BLVD."|"CEBU CITY"|""|""|"CONSIGNOR"|""
"MP2315"|"TAMIGA PHARMACEUTICALS SUPPLY-DUMAR"|"Door 8 D'Jobs Bldg.,Matumbo Road,Pusok,LApu-Lapu,C"|"Cebu City"|""|"RYAN JAY CABATINO YUSON"|"CONSIGNOR"|""
"MP2475"|"TAMIGA PHARMACEUTICALS SUPPLY"|"Door 8 D'Jobs Bldg.,Matumbo Road,Pusok,LApu-Lapu,C"|"Cebu City"|""|"RYAN JAY CABATINO YUSON"|"CONSIGNOR"|""
"MP2484"|"HF custodian"|""|""|""|""|"INT-NOTRAD"|""
"MP2513"|"IREZAL TRADING"|"F.B.CABAHUG ST.,GUIZO,MANDAUE CITY,CEBU"|"MANDAUE CITY, CEBU"|""|"ZALDY ANOBA PARDILLO"|"CONSIGNOR"|""
"MP2514"|"IREZAL TRADING-DUMAR"|"F.B.CABAHUG ST.,GUIZO,MANDAUE CITY,CEBU"|"MANDAUE CITY, CEBU"|""|"ZALDY ANOBA PARDILLO"|"CONSIGNOR"|""
"MP2515"|"AUDREY PHARMA, INC."|"417 VICTORIA HEIGHTS...DAVAO CITY 8000"|"Corner Mamay Road & Neptune Sts.,Lanang"|""|"MS. ANN MICHELLE S. ZANORIA"|"CONSIGNOR"|""
"MP2607"|"FAST AUTOWORLD PHILIPPINES CORPORATION"|"282 CPG North Avenue, Taloto Dist.,Tagb.City"|""|"Bohol"|"(38) 412-5814 / 412-5815"|"EXT-NONTRA"|""
"MP2711"|"AUDREY PHARMA, INC.- DUMAR"|"417 VICTORIA HEIGHTS...DAVAO CITY 8000"|"Corner Mamay Road & Neptune Sts.,Lanang"|""|"MS. ANN MICHELLE S. ZANORIA"|"CONSIGNOR"|""
"MP2727"|"VALUE HEALTH CARD - ZUELLIG PHARMA"|"DR. F.E.Zuellig Ave. Circumferential"|"Road New Mandaue City, Cebu"|""|""|"EXT-TRADE"|""
"MP2739"|"COMFAC CORPORATION"|"30 F.CABAHUG ST., KAMAGAYAN, CEBU CITY"|"NORTH CEBU CITY"|""|"FAX NO.(032) 232-4574"|"EXT-NONTRA"|""
"MP2784"|"COFTA MOULDINGS CORPORATION"|"Nexor Bldg.,1677 Quezon Ave.,"|"West Triangle, Quezon City"|""|"926-6823"|"EXT-NONTRA"|""
"MP2826"|"DISCOUNT COUPON-COLLINS INTERNATIONAL TRADING CORP"|"Mandaue North Central Castilex Compound,"|"Cabancalan, Mandaue City"|""|"344-8460, 681-6163, 646-5979"|"EXT-TRADE"|""
"MP2895"|"JEREMIAH PHARMACEUTICAL DIST."|"15 BENIGNO S. AQUINO AVE.,BOOY, TAGBILARAN CITY"|"BOOY, TAGBILARAN CITY"|""|"VINCENT A. APAYOR"|"CONSIGNOR"|""
"MP2944"|"FUJITSU PHILIPPINES, INC."|"2/F United Life Building"|"837 A. Arnaiz Ave. Legaspi Village, Makati City"|""|""|"EXT-NONTRA"|""
"MP2945"|"NEWTON INTEGRATED SOLUTIONS, INC."|"10-A GMA Lou-bel Plaza, 7514 Bagtikan St. Cor."|"Chino Roces San Antonio Village, Makati City"|""|"896-9343 / 899-2515"|"EXT-NONTRA"|""
"MP2946"|"NORTH POINT AIRCON & REFRIGERATION SUPPLY"|"4 Colon St., Cebu City"|""|""|"255-8938 ; 255-4298 ; 255-7754"|"EXT-NONTRA"|""
"MP3095"|"JEREMIAH PHARMACEUTICAL DIST.-DUMAR"|"15 BENIGNO S. AQUINO AVE.,BOOY, TAGBILARAN CITY"|"BOOY, TAGBILARAN CITY"|""|"VINCENT A. APAYOR"|"CONSIGNOR"|""
"MP3157"|"DELEX PHARMA INTER. INC."|"LOT4, BLK4, CARNATION CORNER,"|"189 MINDANAO AVE."|""|"RAMON EUGENIO ENRIQUEZ"|"CONSIGNOR"|""
"MP3158"|"DELEX PHARMA INTER.INC.DUMAR"|"LOT4, BLK4, CARNATION CORNER,"|"189 MINDANAO AVE."|""|"RAMON EUGENIO ENRIQUEZ"|"CONSIGNOR"|""
"MP3234"|"JFWIRE BUSINESS CENTER"|"51-A GRAHAM AVE.,TAGB.CITY,BOHOL"|"51-A GRAHAM AVE.,TAGB.CITY,BOHOL"|"Bohol"|"JEROME JOHN J. GABIN"|"CONSIGNOR"|""
"MP3235"|"JFWIRE BUSINESS CENTER-DUMAR"|"51-A GRAHAM AVE.,TAGB.CITY,BOHOL"|"51-A GRAHAM AVE.,TAGB.CITY,BOHOL"|"Bohol"|"JEROME JOHN J. GABIN"|"CONSIGNOR"|""
"MP3236"|"PRO BIO MEDCARE INCORPORATED"|"BLK87 LT.33 BLDG.EL GRANDE AVE.,"|"BF HOMES,PARA¥AQUE CITY"|""|"HAZEL VI L. ALEGRE"|"CONSIGNOR"|""
"MP3237"|"PRO BIO MEDCARE INCORP.-DUMAR"|"BLK87 LT.33 BLDG.EL GRANDE AVE.,"|"BF HOMES,PARA¥AQUE CITY"|""|"HAZEL VI L. ALEGRE"|"CONSIGNOR"|""
"MP3246"|"OCCIDENTAL ENTERPRISES"|"CPG Avenue, 2nd District, Tagbilaran City,"|"Bohol"|""|""|"EXT-NONTRA"|""
"MP3288"|"VAMSLER PHILS. INC.-DUMAR"|"118-C DOOR 3A CABAHUG APARTMENT"|"KATIPUNAN CEBU CITY"|""|"VIRGINIA P. DE GUZMAN"|"CONSIGNOR"|""
"MP3289"|"MEDIRICH PHARMA DIST.CORP.-DUMAR"|"RM.208 J.BORROMEO BLDG.F.RAMOS"|"COR. ARLINGTON POND ST.,CEBU CITY"|""|"RICHMOND T. ROCKWILL"|"CONSIGNOR"|""
"MP3407"|"CEBU TRISTAR CORPORATION"|"North Reclamation Area, Subangdaku,"|"Mandaue City"|""|"346-0560; 346-0781; 346-1626;"|"EXT-NONTRA"|""
"MP3412"|"CELSUS PHARMACEUTICALS PHILS."|"115 SCOUT RALLOS ST.COR JAMBOREE ST."|"BRY.SACRED HEART,QUEZON CITY"|""|"LESLIE DAWN T.DAYAO"|"CONSIGNOR"|""
"MP3413"|"CELSUS PHARMACEUTICAL-DUMAR"|"115 SCOUT RALLOS ST.COR.JAMBOREE ST"|"BRY .SACRED HEART,QUEZON CITY"|""|"LESLIE DAWN T.DAYAO"|"CONSIGNOR"|""
"MP3458"|"ONE MED DISTRIBUTION"|"2/F BIONAT BLDG.GALO ST."|"BRNGY 21,BACOLOD CITY"|""|"SANTIAGA T. REAL"|"CONSIGNOR"|""
"MP3459"|"ONE MED DISTRIBUTION-DUMAR"|"2/F BIONAT BLDG. GALO ST."|"BRGY 21,BACOLOD CITY"|""|"SANTIAGA T. REAL"|"CONSIGNOR"|""
"MP3476"|"A-ZMED INC."|"BLOCK5,LOT24,HERNANDEZAVE.,BRGY.ALMANZA UNO,LP M"|"LAS PINAS, METRO MANILA"|""|"MARTIN R. NOVAL JR."|"CONSIGNOR"|""
"MP3626"|"A-Z MARKET ENTERPRISE DEVELOPERS INC.-DUMAR"|"BLOCK5,LOT24,HERNANDEZAVE.,BRGY.ALMANZA UNO,LP M"|"LAS PINAS, METRO MANILA"|""|"MARTIN R. NOVAL JR."|"CONSIGNOR"|""
"MP3676"|"W & R TRADING CORPORATION"|"433 R. Pascual St.,Pleasant Hills,Mandaluyong City"|""|""|""|"EXT-NONTRA"|""
"MP3721"|"DOC SAMARITAN A.M.& W. CENTER"|"0122 BELDEROL ST.,COGON DIST."|"TAGBILARAN CITY"|""|"REMELITO YTANG UY"|"EXT-TRADE"|""
"MP3768"|"PAPER & LINEN PRDCT RES.,INC."|"2NDFLR D.FLORO BLDG.C.RAYMUNDO"|"CANIOGAN,PASIG,METRO MANILA"|""|"MR. LARRY SALAZAR, KRISTOFFER"|"EXT-TRADE"|""
"MP3826"|"DIAMOND INTERIOR IND., CORP."|"Cor.Magallanes & Panganiban Sts.,Cebu"|"City"|""|""|"EXT-NONTRA"|""
"MP3833"|"CONFLUENCE H &  W PRODUCT"|"LEVEL 1, ROBINSON PLACE,DE LEON ST."|"ILOILOCITY"|""|"JONATHAN PARE¥O GRANADA"|"CONSIGNOR"|""
"MP3930"|"CONFLUENCE HEALTH & WELLNESS PRDCT-DUMAR"|"LEVEL 1, ROBINSON PLACE,DE LEON ST.ILOILO CITY"|"ILOILOCITY"|""|"JONATHAN PARE¥O GRANADA"|"CONSIGNOR"|""
"MP3932"|"VIDA NUTRISCIENCE -CON"|"#5 ILANG-ILANG BAHAY TORO 1"|"QUEZON CITY"|""|"FREDERICK ANGA"|"CONSIGNOR"|""
"MP3933"|"VIDA NUTRISCIENCE INC.- DUMAR"|"#5 ILANG-ILANG BAHAY TORO 1"|"QUEZON CITY"|""|"FREDERICK ANGA"|"CONSIGNOR"|""
"MP3934"|"JLC MILLER"|""|""|""|""|""|""
"MP3935"|"GLOSONS TRADING"|""|""|""|""|""|""
"MP3936"|"FLORAMED TRADING"|"0018 BARIMBAO REAL STAE LESSOR"|"PANDAN ST.,MANGA"|""|"FLORENCIA C. BOLDO"|"CONSIGNOR"|""
"MP3937"|"FLORAMED TRADING-DUMAR"|"0018 BARIMBAO REAL STAE LESSOR"|"PANDAN ST.,MANGA"|""|"FLORENCIA C. BOLDO"|"EXT-TRADE"|""
"MP3938"|"LABMATE PHARMA INC."|"3RD FLOOR JAPER BLDNG"|"QUEZON CITY"|""|"GERMAN A. PANGHULAN"|"CONSIGNOR"|""
"MP3939"|"LABMATE PHARMA INC.-DUMAR"|"3RD FLOOR JAPER BLDNG"|"QUEZON CITY"|""|"GERMAN A. PANGHULAN"|"CONSIGNOR"|""
"MP3940"|"SANREICH HEALTHCARE, INC."|"UNIT NO.2EAF BLDG.,MCLL HIGHWAY"|"PUTIK,ZAMBOANGA CITY"|""|"CHRISTINE MARIE QUI¥ONES"|"CONSIGNOR"|""
"MP3941"|"SANREICH HEALTHCARE, INC.-DUMAR"|"UNIT NO.2EAF BLDG.,MCLL HIGHWAY"|"PUTIK,ZAMBOANGA CITY"|""|"CHRISTINE MARIE QUI¥ONES"|"CONSIGNOR"|""
"MP3942"|"SANNOVEX PHARMACEUTICAL DIST."|"3/F JOJEMAR BLDG.,344 MAYSILO CIRCLE,"|"BONI ABE.,MANDALUYONG CITY"|""|"NESTOR J. LUMANAS"|"CONSIGNOR"|""
"MP3943"|"SANNOVEX PHARMACEUTICAL DIST.-DUMAR"|"3/F JOJEMAR BLDG.,344 MAYSILO CIRCLE,"|"BONI ABE.,MANDALUYONG CITY"|""|"NESTOR J. LUMANAS"|"CONSIGNOR"|""
"MP3944"|"BOHOL WHOLESALE CLNING SUPLS."|"PUROK 7 BRNGY.,SAN ISIDRO"|"DAUIS BOHOL"|""|"CATALUNA M. DIZON"|"EXT-TRADE"|""
"MP3945"|"E.G PHARMA DISTRIBUTOR"|"BERNAD SUBDIVISION, AGUA"|"OZAMIZ CITY"|""|"ELMER J. GOLEZ"|"CONSIGNOR"|""
"MP3946"|"EVERLINK DISTRIBUTOR GROUP INC."|"888 WINNER BLDG. AC."|"CORTES MANDAUE CITY"|""|"JONATHAN CABA¥AS"|"EXT-TRADE"|""
"MP3947"|"E.G PHARMA DISTRIBUTOR-DUMAR"|"BERNAD SUBDIVISION, AGUA"|"OZAMIZ CITY"|""|"ELMER J. GOLEZ"|"CONSIGNOR"|""
"MP3948"|"BUSINESS INNOVATIONS GATEWAY"|"UNIT F2,3/F,PEARL PLAZA BLDG.8101"|"PEARL DRIVE,PRTIGAS CENTER PASIG CITY"|""|"BETTY DANTE AW"|"CONSIGNOR"|""
"MP3949"|"BUSINESS INNOVATIONS GATEWAY-DUMAR"|"UNIT F2,3/F,PEARL PLAZA BLDG.8101"|"PEARL DRIVE,PRTIGAS CENTER PASIG CITY"|""|"BETTY DANTE AW"|"CONSIGNOR"|""
"MP3950"|"SANTERRA TRADING"|"PUROK II,BRGY LOURDES,PANGLAO,BOHOL"|"PANGLAO, BOHOL"|""|"GILNAR B. AMPOLOQUIO"|"CONSIGNOR"|""
"MP3951"|"SANTERRA TRADING-DUMAR"|"PUROK II,BRGY LOURDES,PANGLAO,BOHOL"|"PANGLAO, BOHOL"|""|"GILNAR B. AMPOLOQUIO"|"CONSIGNOR"|""
"MP3952"|"ECE MARKETING"|"MANDAUE CITY, CEBU"|"WAREHOUSE #3 ORIEL ST. COR H. CORTES BANILAD"|""|"MIRIAM N. CABALLERO"|"CONSIGNOR"|""
"MP3953"|"ECE MARKETING-DUMAR"|"MANDAUE CITY, CEBU"|"WAREHOUSE #3 ORIEL ST. COR H. CORTES BANILAD"|""|"MIRIAM N. CABALLERO"|""|""
"MP3954"|"BELL-KENZ PHARMA, INC."|"6/F BELL-KENZ TOWER, 127 MALAKAS,"|"CENTRAL DILIMAN, QUEZON CITY"|""|"MARK B. PA¥ADA"|"CONSIGNOR"|""
"MP3955"|"BELL-KENZ PHARMA, INC.-DUMARS"|"6/F BELL-KENZ TOWER, 127 MALAKAS,"|"CENTRAL DILIMAN, QUEZON CITY"|""|"MARK B. PA¥ADA"|"CONSIGNOR"|""
"MP3956"|"CENTRAL WEST MEDICALE INC."|"BLK.I LOT II, EASY ACCESS SUBD.UPPER"|"PAKIGNE, MINGLANILLA,CEBU"|""|"JOVINILLE A. FRANCISCO"|"CONSIGNOR"|""
"MP3957"|"CENTRAL WEST MEDICALE INC.-DUMARS"|"BLK.I LOT II, EASY ACCESS SUBD.UPPER"|"PAKIGNE, MINGLANILLA,CEBU"|""|"JOVINILLE A. FRANCISCO"|"CONSIGNOR"|""
"MP3958"|"NEWLIFE PHARMACEUTICALS INC."|"2671 HONDURAS ST.COR.B.ST."|"BRGY. SAN ISEDRO, MAKATI"|""|"LUKHAMI MUKHEY"|"EXT-TRADE"|""
"MP3959"|"LSC SIBUGAY MARKETING CO."|"BETHLEHEM ST.TOPMARS SUB.BRGY"|"VETERANS VIL.IPIL,ZAMBUANGA"|""|"GINO JOSEPH BALUYOT"|"CONSIGNOR"|""
"MP3960"|"LSC SIBUGAY MARKETING CO.-DUMAR"|"BETHLEHEM ST.TOPMARS SUB.BRGY"|"VETERANS VIL.IPIL,ZAMBUANGA"|""|"GINO JOSEPH BALUYOT"|""|""
"MP3961"|"VIDA NUTRISCIENCE INC."|"#5 ILANG-ILANG BAHAY TORO 1"|"QUEZON CITY"|""|"FREDERICK ANGA"|"EXT-TRADE"|""
"MP3962"|"ZAFIRE DISTRIBUTORS, INC."|"ZAPATERA CEBU CITY"|"UNIT 2-4 QUEENSLAND M. BLDG."|""|"NERVIAN FUENTES"|"EXT-TRADE"|""
"MP3963"|"DONFE ENTERPRISES"|"MAX SUNNIEL ST. ZONE 3 CARMEN"|"CAGAYAN DE ORO"|""|"FEELIN TORRES VILLEJO"|"CONSIGNOR"|""
"MP3964"|"RAPHAH PHARMA"|"0115 NAGASO ST.TALOTO"|"TAGBILARAN CITY"|""|"VICTOR R.SUMAOY"|"CONSIGNOR"|""
"MP3965"|"NUTRA BERDE INCORPORATED"|""|""|""|""|""|""
"MP3966"|"DONFE ENTERPRISES-DUMAR"|"MAX SUNNIEL ST. ZONE 3 CARMEN"|"CAGAYAN DE ORO"|""|"FEELIN TORRES VILLEJO"|"CONSIGNOR"|""
"MP3967"|"BEVI ASIA PACIFIC INC."|""|""|""|""|""|""
"MP3968"|"RAPHAH PHARMA-DUMAR"|"0115 NAGASO ST.TALOTO"|"TAGBILARAN CITY"|""|"VICTOR R.SUMAOY"|"CONSIGNOR"|""
"MP3969"|"ORION HERBAL HEALING P.CENTER"|""|""|""|""|""|""
"MP3970"|"MAJESTY PHARMA"|""|""|""|""|""|""
"MP3971"|"SUREBIZNESS WORKS MRKTG-CON"|"CEBU CITY"|"1225-A BAYANIHAN VILLAGE,QUIOT"|""|"JEAN ROSS DEO"|"CONSIGNOR"|""
"MP3972"|"SUREBIZNESS WORKS MARKETING-DUMAR"|"CEBU CITY"|"1225-A BAYANIHAN VILLAGE,QUIOT"|""|"JEAN ROSS DEO"|"CONSIGNOR"|""
"MP3973"|"GOODHEALTH PHARMA CORPORATION"|"BRGY.SAN ROQUE,MARIKINA,METRO MANILA"|"94DRAGON ST.,PH.1MIDTOWN SUBD."|""|"CONCEPCION B. CATUBAG"|"CONSIGNOR"|""
"MP3974"|"GOODHEALTH PHARMA CORPORATION-DUMAR"|"BRGY.SAN ROQUE,MARIKINA,METRO MANILA"|"94DRAGON ST.,PH.1MIDTOWN SUBD."|""|"CONCEPCION B. CATUBAG"|"CONSIGNOR"|""
"MP3975"|"INNOGEN PHARMACEUTICALS, INC."|"QUEZON CITY, METRO MANILA"|"124-126 DR.LAZCANO ST.,BRNGY"|""|"HAROLD VILLAVICENCIO"|"EXT-TRADE"|""
"MP3976"|"ALTA CITTA"|"CPG.AVE.POB.11 TAGB.CITY,BOHOL"|"CPG.AVE.POB.11 TAGB.CITY,BOHOL"|""|""|"INT-TRADE"|""
"MP3977"|"DISTRIBUTION SOLTNS.PHILS.,INC"|"SAN DIONISIO,PARANAQUE,MTRO M"|"G/F UNIT B12&B13,VIRRAMALL S"|""|"YASMIN PATRICE CRUZ"|"EXT-TRADE"|""
"MP3978"|"KENNETH KOKSENG"|""|""|""|""|"EXT-TRADE"|""
"MP3979"|"THREETON MARKETING"|""|""|""|""|"EXT-TRADE"|""
"MP3980"|"HOU HARDWARE"|"MIGUEL PARRAS ST.TAGB.CITY"|"BOHOL, PHILS."|""|"09279987777"|"EXT-TRADE"|""
"MP3981"|"JANITH MEJO CRIETA"|"BASDACU LOON BOHOL"|"LOON BOHOL PUROK 4"|"Bohol"|""|"EXT-TRADE"|""
"MP3982"|"VITAQUEST PHARMACY"|"87GEN.GERONIMO ST.,BAGONG SI."|"QUEZON CITY, METRO MANILA"|""|"NIRIZZA CLARABAL"|"EXT-TRADE"|""
"MP3983"|"JWK ENTERPRISES, INC."|"2201 TAFT.,BRGY.079,ZONE 725"|"MAKATE, MANILA, METRO MANILA"|""|"ARVIN A. ADOVO"|"EXT-TRADE"|""
"MP3984"|"HAMILTON PHILIPPINES INC."|"28, GALLARES ST., POB.II"|"TAGBILARNA CITY"|""|"SAMENIEL PINGKIAN"|"EXT-TRADE"|""
"MP3985"|"ONYATA TRADING CORPORATION"|"PACIFICO CASTILLO ST.,PUROK 1"|"DAO TAGBILARAN CITY"|""|"MA. CHARIE OLANDRIA"|"EXT-TRADE"|""
"MP3986"|"HARON P. ADA"|"TALOTO, MUSLIM VILLAGE"|"TAGBILARAN CIT"|""|"MAHID D. TAMPOGAO"|"EXT-TRADE"|""
"MP3987"|"SCED MARKETING DAVAO"|"DAVAO"|""|""|""|"EXT-TRADE"|""
"MP3988"|"SUREBIZNESS WORKS MARKETING"|"CEBU CITY"|"1225-A BAYANIHAN VILLAGE,QUIOT"|""|"JEAN ROSS DEO"|"EXT-TRADE"|""
"MP3989"|"PKDF MARKETING CORPORATION"|"BRGY.STA.CRUZ CEBU CITY, CEBU"|"UNIT302,3/F ABM BLDG.95 O.B"|""|""|"EXT-TRADE"|""
"MP3990"|"COPHARM TRADING CORPORATION"|"544 COMMERCIO ST."|"SAN NICOLAS, MANILA"|""|""|"EXT-TRADE"|""
"MP3991"|"BEAUTIFUL HORIZON INC."|"GALLARES ST. POB II TAGB.CITY"|"0089 SOMVIR REALITY INC"|""|"EVA & MARYCRIS"|"EXT-TRADE"|""
"MP3992"|"ALTA CITTA SUPERMARKET"|"CPG.AVE.POB.11 TAGB.CITY,BOHOL"|"CPG.AVE.POB.11 TAGB.CITY,BOHOL"|""|""|"INT-TRADE"|""
"MP3993"|"RA ESSENTIALS MARKETING"|"CUANOS, MINGLANILLA, CEBU"|"CEBU CITY"|""|"WILLY ESCOBIO"|"EXT-TRADE"|""
"MP3994"|"TRADEX ONLINE SHOP"|"16A UNIT SAN ANTONIO VILLAGE 2"|"APAS, CEBU CITY"|""|""|"EXT-TRADE"|""
"MP3995"|"ORGANICA NUTRITION INC."|"59 LABO ST.,STA.MESA HEIGHTS"|"QUEZON CITY, METRO MANILA"|""|""|"EXT-TRADE"|""
"MP3996"|"MANILA NATURE'S LINK CORP."|"206 AMBERLAND PLAZA CONDO.O.C,"|"PASIG,METRO MANILA"|""|"HAYDIE AGCAOILI"|"EXT-TRADE"|""
"MP3998"|"S.G MARAYAG GEN. MERCHANDISE"|"TIN # 440-392-446-000"|""|""|""|"EXT-TRADE"|""
"MP3999"|"STAR USDONTICS DENTAL SUPPLY"|"#3141 RAMON MAGSAYSAY BLVD."|"STA.MESA,MANILA,METRO MANILA"|""|""|"EXT-TRADE"|""
"MP4000"|"GREGAN 101 CORPORATION"|" 173 CARMEN ST., SAN PEDRO"|"BINALBAGAN,NEGROS OCCIDENTAL"|""|"gregan101corporation@gmail.com"|"EXT-TRADE"|""
"MP4001"|"SPARTI LOGISTICS CORPORATION"|"UNIT 2K,8005 DE JESUS BLVD."|"OMNI ARC.ALABANG HILLS CUPANG"|""|""|"EXT-TRADE"|""
"MP4002"|"NATWIDE DISTRIBUTION,INC."|"B.7A-1,SNBLST COM,WEST SER."|"ROAD CUPANG,MUNTI.,METRO MLA"|""|"TELEFAX 511.72.55"|"EXT-TRADE"|""
"MP4003"|"HORIZON MEDICAL INST. TRADING"|"MANILA"|"MANILA"|""|""|"EXT-TRADE"|""